time (ms), current (mA), voltage (V)
time (ms), current (mA), voltage (V)
time:30001	current:250.70	voltage:4.07
time:60001	current:255.81	voltage:4.07
time:90001	current:255.10	voltage:4.07
time:120001	current:259.12	voltage:4.06
time:150001	current:259.10	voltage:4.06
time:180001	current:259.70	voltage:4.06
time:210001	current:259.76	voltage:4.06
time:240000	current:257.91	voltage:4.09
time:270000	current:262.40	voltage:4.09
time:300000	current:269.14	voltage:4.08
time:330000	current:269.06	voltage:4.08
time:360001	current:268.96	voltage:4.08
time:390001	current:269.00	voltage:4.08
time:420000	current:268.84	voltage:4.08
time:450001	current:268.70	voltage:4.08
time:480001	current:268.47	voltage:4.08
time:510000	current:268.23	voltage:4.07
time:540000	current:268.11	voltage:4.07
time:570001	current:267.86	voltage:4.07
time:600001	current:267.63	voltage:4.07
time:630001	current:267.22	voltage:4.07
time:660000	current:267.02	voltage:4.07
time:690000	current:266.69	voltage:4.07
time:720000	current:266.46	voltage:4.07
time:750001	current:266.49	voltage:4.07
time:780001	current:266.82	voltage:4.07
time:810001	current:266.69	voltage:4.07
time:840001	current:266.51	voltage:4.06
time:870001	current:266.63	voltage:4.06
time:900000	current:266.38	voltage:4.06
time:930000	current:266.18	voltage:4.06
time:960000	current:265.86	voltage:4.06
time:990001	current:265.43	voltage:4.06
time:1020001	current:264.82	voltage:4.06
time:1050000	current:263.98	voltage:4.06
time:1080000	current:264.51	voltage:4.06
time:1110000	current:264.86	voltage:4.06
time:1140000	current:265.41	voltage:4.06
time:1170001	current:265.46	voltage:4.05
time:1200001	current:265.42	voltage:4.05
time:1230000	current:265.29	voltage:4.05
time:1260000	current:265.27	voltage:4.05
time:1290001	current:265.34	voltage:4.05
time:1320000	current:265.25	voltage:4.05
time:1350001	current:265.28	voltage:4.05
time:1380001	current:265.50	voltage:4.05
time:1410000	current:265.48	voltage:4.05
time:1440001	current:265.39	voltage:4.05
time:1470001	current:265.25	voltage:4.05
time:1500001	current:264.97	voltage:4.05
time:1530001	current:264.84	voltage:4.05
time:1560000	current:264.72	voltage:4.05
time:1590001	current:264.56	voltage:4.05
time:1620001	current:264.24	voltage:4.05
time:1650000	current:263.98	voltage:4.05
time:1680000	current:263.62	voltage:4.04
time:1710001	current:262.36	voltage:4.04
time:1740001	current:262.03	voltage:4.04
time:1770001	current:261.52	voltage:4.04
time:1800000	current:262.56	voltage:4.04
time:1830000	current:262.11	voltage:4.04
time:1860001	current:264.53	voltage:4.04
time:1890000	current:264.71	voltage:4.04
time:1920000	current:264.66	voltage:4.04
time:1950000	current:263.82	voltage:4.04
time:1980001	current:263.05	voltage:4.04
time:2010001	current:263.22	voltage:4.04
time:2040000	current:263.58	voltage:4.04
time:2070000	current:263.51	voltage:4.04
time:2100001	current:263.89	voltage:4.04
time:2130000	current:263.91	voltage:4.04
time:2160001	current:263.77	voltage:4.04
time:2190001	current:264.02	voltage:4.04
time:2220001	current:264.04	voltage:4.04
time:2250001	current:264.18	voltage:4.03
time:2280001	current:264.21	voltage:4.03
time:2310000	current:264.37	voltage:4.03
time:2340000	current:264.24	voltage:4.03
time:2370001	current:264.32	voltage:4.03
time:2400000	current:264.28	voltage:4.03
time:2430000	current:264.27	voltage:4.03
time:2460001	current:264.24	voltage:4.03
time:2490001	current:264.06	voltage:4.03
time:2520001	current:263.93	voltage:4.03
time:2550001	current:263.94	voltage:4.03
time:2580000	current:263.96	voltage:4.03
time:2610001	current:263.97	voltage:4.03
time:2640000	current:263.86	voltage:4.03
time:2670001	current:263.66	voltage:4.03
time:2700001	current:263.66	voltage:4.03
time:2730001	current:263.35	voltage:4.03
time:2760001	current:263.24	voltage:4.03
time:2790000	current:263.17	voltage:4.02
time:2820000	current:262.92	voltage:4.03
time:2850000	current:262.82	voltage:4.02
time:2880001	current:262.63	voltage:4.02
time:2910001	current:262.48	voltage:4.02
time:2940000	current:262.31	voltage:4.02
time:2970000	current:262.23	voltage:4.02
time:3000001	current:262.01	voltage:4.02
time:3030001	current:262.29	voltage:4.02
time:3060001	current:262.42	voltage:4.02
time:3090000	current:262.43	voltage:4.02
time:3120000	current:262.56	voltage:4.02
time:3150001	current:262.73	voltage:4.02
time:3180001	current:262.82	voltage:4.02
time:3210000	current:262.75	voltage:4.02
time:3240000	current:262.76	voltage:4.02
time:3270000	current:262.80	voltage:4.02
time:3300001	current:262.79	voltage:4.01
time:3330000	current:262.87	voltage:4.02
time:3360000	current:262.74	voltage:4.01
time:3390000	current:262.75	voltage:4.01
time:3420000	current:262.68	voltage:4.01
time:3450000	current:262.62	voltage:4.01
time:3480001	current:262.66	voltage:4.01
time:3510000	current:262.79	voltage:4.01
time:3540000	current:262.86	voltage:4.01
time:3570001	current:262.82	voltage:4.01
time:3600001	current:262.81	voltage:4.01
time:3630001	current:262.84	voltage:4.01
time:3660000	current:262.76	voltage:4.01
time:3690001	current:262.78	voltage:4.01
time:3720001	current:262.67	voltage:4.01
time:3750001	current:262.72	voltage:4.01
time:3780001	current:262.71	voltage:4.01
time:3810001	current:262.68	voltage:4.01
time:3840000	current:262.63	voltage:4.01
time:3870000	current:262.63	voltage:4.01
time:3900000	current:262.59	voltage:4.00
time:3930001	current:262.60	voltage:4.00
time:3960001	current:262.54	voltage:4.00
time:3990001	current:262.66	voltage:4.00
time:4020001	current:262.68	voltage:4.00
time:4050001	current:262.65	voltage:4.00
time:4080001	current:262.65	voltage:4.00
time:4110001	current:262.49	voltage:4.00
time:4140000	current:262.65	voltage:4.00
time:4170000	current:262.53	voltage:4.00
time:4200000	current:262.43	voltage:4.00
time:4230000	current:262.40	voltage:4.00
time:4260000	current:262.36	voltage:4.00
time:4290001	current:262.24	voltage:4.00
time:4320000	current:262.33	voltage:4.00
time:4350001	current:262.33	voltage:3.99
time:4380001	current:262.27	voltage:3.99
time:4410000	current:262.20	voltage:3.99
time:4440000	current:262.23	voltage:3.99
time:4470000	current:262.24	voltage:3.99
time:4500000	current:262.32	voltage:3.99
time:4530001	current:262.19	voltage:3.99
time:4560001	current:262.19	voltage:3.99
time:4590001	current:262.19	voltage:3.99
time:4620000	current:262.04	voltage:3.99
time:4650000	current:262.01	voltage:3.99
time:4680000	current:261.94	voltage:3.99
time:4710000	current:261.99	voltage:3.99
time:4740000	current:261.84	voltage:3.99
time:4770001	current:261.86	voltage:3.99
time:4800001	current:261.84	voltage:3.98
time:4830000	current:261.80	voltage:3.99
time:4860000	current:261.73	voltage:3.98
time:4890000	current:261.68	voltage:3.98
time:4920000	current:261.77	voltage:3.98
time:4950000	current:261.56	voltage:3.98
time:4980001	current:261.59	voltage:3.98
time:5010000	current:261.52	voltage:3.98
time:5040000	current:261.50	voltage:3.98
time:5070001	current:261.51	voltage:3.98
time:5100001	current:261.46	voltage:3.98
time:5130000	current:261.40	voltage:3.98
time:5160001	current:261.44	voltage:3.98
time:5190001	current:261.37	voltage:3.98
time:5220001	current:261.33	voltage:3.98
time:5250000	current:261.21	voltage:3.98
time:5280000	current:261.25	voltage:3.98
time:5310000	current:261.20	voltage:3.97
time:5340000	current:261.15	voltage:3.97
time:5370000	current:261.08	voltage:3.97
time:5400000	current:261.10	voltage:3.97
time:5430000	current:261.08	voltage:3.97
time:5460000	current:261.04	voltage:3.97
time:5490001	current:260.93	voltage:3.97
time:5520001	current:260.88	voltage:3.97
time:5550001	current:260.82	voltage:3.97
time:5580000	current:260.84	voltage:3.97
time:5610001	current:260.76	voltage:3.97
time:5640001	current:260.76	voltage:3.97
time:5670000	current:260.71	voltage:3.97
time:5700000	current:260.63	voltage:3.97
time:5730001	current:260.64	voltage:3.97
time:5760000	current:260.65	voltage:3.96
time:5790000	current:260.49	voltage:3.96
time:5820001	current:260.57	voltage:3.96
time:5850000	current:260.58	voltage:3.96
time:5880000	current:260.54	voltage:3.96
time:5910001	current:260.48	voltage:3.96
time:5940001	current:260.47	voltage:3.96
time:5970000	current:260.42	voltage:3.96
time:6000000	current:260.30	voltage:3.96
time:6030001	current:260.38	voltage:3.96
time:6060000	current:260.36	voltage:3.96
time:6090000	current:260.24	voltage:3.96
time:6120000	current:260.19	voltage:3.96
time:6150000	current:260.16	voltage:3.95
time:6180000	current:260.10	voltage:3.95
time:6210001	current:260.15	voltage:3.95
time:6240000	current:259.98	voltage:3.95
time:6270001	current:259.93	voltage:3.95
time:6300001	current:259.96	voltage:3.95
time:6330000	current:260.00	voltage:3.95
time:6360000	current:259.88	voltage:3.95
time:6390000	current:259.81	voltage:3.95
time:6420000	current:259.74	voltage:3.95
time:6450000	current:259.62	voltage:3.95
time:6480000	current:259.52	voltage:3.94
time:6510000	current:259.45	voltage:3.94
time:6540000	current:259.42	voltage:3.94
time:6570001	current:259.34	voltage:3.94
time:6600000	current:259.40	voltage:3.94
time:6630001	current:259.30	voltage:3.94
time:6660001	current:259.25	voltage:3.94
time:6690001	current:259.25	voltage:3.94
time:6720000	current:259.26	voltage:3.94
time:6750000	current:259.06	voltage:3.94
time:6780000	current:259.11	voltage:3.94
time:6810000	current:259.09	voltage:3.94
time:6840001	current:258.98	voltage:3.94
time:6870001	current:259.04	voltage:3.93
time:6900000	current:259.00	voltage:3.93
time:6930000	current:258.87	voltage:3.93
time:6960001	current:258.90	voltage:3.93
time:6990001	current:258.93	voltage:3.93
time:7020001	current:258.90	voltage:3.93
time:7050001	current:258.89	voltage:3.93
time:7080001	current:258.88	voltage:3.93
time:7110001	current:258.72	voltage:3.93
time:7140000	current:258.73	voltage:3.93
time:7170000	current:258.72	voltage:3.93
time:7200001	current:258.73	voltage:3.93
time:7230001	current:258.70	voltage:3.93
time:7260001	current:258.75	voltage:3.93
time:7290001	current:258.79	voltage:3.93
time:7320001	current:258.80	voltage:3.93
time:7350001	current:258.86	voltage:3.92
time:7380001	current:258.93	voltage:3.92
time:7410001	current:258.77	voltage:3.92
time:7440000	current:258.71	voltage:3.92
time:7470000	current:258.76	voltage:3.92
time:7500000	current:258.69	voltage:3.92
time:7530001	current:258.60	voltage:3.92
time:7560001	current:258.59	voltage:3.92
time:7590000	current:258.59	voltage:3.92
time:7620000	current:258.52	voltage:3.92
time:7650000	current:258.48	voltage:3.92
time:7680001	current:258.37	voltage:3.92
time:7710000	current:258.38	voltage:3.92
time:7740001	current:258.40	voltage:3.91
time:7770001	current:258.35	voltage:3.91
time:7800001	current:258.40	voltage:3.91
time:7830000	current:258.32	voltage:3.91
time:7860000	current:258.36	voltage:3.91
time:7890000	current:258.23	voltage:3.91
time:7920000	current:258.21	voltage:3.91
time:7950000	current:258.28	voltage:3.91
time:7980000	current:258.16	voltage:3.91
time:8010000	current:258.20	voltage:3.91
time:8040001	current:258.07	voltage:3.91
time:8070001	current:258.10	voltage:3.91
time:8100000	current:258.17	voltage:3.91
time:8130000	current:258.16	voltage:3.91
time:8160000	current:258.15	voltage:3.91
time:8190001	current:258.04	voltage:3.91
time:8220001	current:258.25	voltage:3.90
time:8250000	current:258.14	voltage:3.90
time:8280000	current:258.22	voltage:3.90
time:8310000	current:258.10	voltage:3.90
time:8340001	current:258.05	voltage:3.90
time:8370000	current:258.14	voltage:3.90
time:8400000	current:258.08	voltage:3.90
time:8430000	current:258.12	voltage:3.90
time:8460001	current:258.13	voltage:3.90
time:8490000	current:258.12	voltage:3.90
time:8520001	current:258.12	voltage:3.90
time:8550000	current:258.02	voltage:3.90
time:8580001	current:258.04	voltage:3.90
time:8610000	current:258.08	voltage:3.90
time:8640001	current:258.06	voltage:3.90
time:8670000	current:258.00	voltage:3.89
time:8700001	current:258.03	voltage:3.89
time:8730000	current:257.97	voltage:3.89
time:8760001	current:258.02	voltage:3.89
time:8790001	current:257.95	voltage:3.89
time:8820000	current:257.94	voltage:3.89
time:8850001	current:257.91	voltage:3.89
time:8880000	current:257.92	voltage:3.89
time:8910001	current:257.91	voltage:3.89
time:8940000	current:257.88	voltage:3.89
time:8970001	current:257.80	voltage:3.89
time:9000001	current:257.76	voltage:3.89
time:9030000	current:257.78	voltage:3.89
time:9060001	current:257.66	voltage:3.89
time:9090000	current:257.67	voltage:3.89
time:9120000	current:257.75	voltage:3.89
time:9150000	current:257.58	voltage:3.89
time:9180001	current:257.54	voltage:3.89
time:9210001	current:257.57	voltage:3.88
time:9240000	current:257.50	voltage:3.88
time:9270001	current:257.46	voltage:3.88
time:9300000	current:257.43	voltage:3.88
time:9330001	current:257.33	voltage:3.88
time:9360000	current:257.44	voltage:3.88
time:9390001	current:257.38	voltage:3.88
time:9420000	current:257.28	voltage:3.88
time:9450001	current:257.34	voltage:3.88
time:9480001	current:257.17	voltage:3.88
time:9510000	current:257.22	voltage:3.88
time:9540001	current:257.18	voltage:3.88
time:9570000	current:257.10	voltage:3.88
time:9600001	current:256.99	voltage:3.88
time:9630000	current:257.05	voltage:3.88
time:9660001	current:257.07	voltage:3.88
time:9690000	current:257.08	voltage:3.87
time:9720001	current:256.96	voltage:3.87
time:9750000	current:256.94	voltage:3.87
time:9780000	current:256.90	voltage:3.87
time:9810001	current:256.85	voltage:3.87
time:9840000	current:256.88	voltage:3.87
time:9870000	current:256.79	voltage:3.87
time:9900001	current:256.76	voltage:3.87
time:9930000	current:256.71	voltage:3.87
time:9960000	current:256.69	voltage:3.87
time:9990001	current:256.63	voltage:3.87
time:10020001	current:256.58	voltage:3.87
time:10050000	current:256.52	voltage:3.87
time:10080001	current:256.52	voltage:3.87
time:10110000	current:256.55	voltage:3.87
time:10140001	current:256.36	voltage:3.87
time:10170001	current:256.38	voltage:3.87
time:10200001	current:256.38	voltage:3.87
time:10230000	current:256.23	voltage:3.87
time:10260001	current:256.32	voltage:3.86
time:10290000	current:256.26	voltage:3.86
time:10320001	current:256.28	voltage:3.86
time:10350000	current:256.16	voltage:3.86
time:10380000	current:256.14	voltage:3.86
time:10410001	current:256.07	voltage:3.86
time:10440001	current:256.08	voltage:3.86
time:10470001	current:256.04	voltage:3.86
time:10500001	current:256.06	voltage:3.86
time:10530001	current:256.05	voltage:3.86
time:10560000	current:255.94	voltage:3.86
time:10590001	current:255.84	voltage:3.86
time:10620000	current:255.84	voltage:3.86
time:10650000	current:255.80	voltage:3.86
time:10680000	current:255.80	voltage:3.86
time:10710001	current:255.82	voltage:3.85
time:10740001	current:255.68	voltage:3.86
time:10770000	current:255.73	voltage:3.86
time:10800001	current:255.58	voltage:3.85
time:10830000	current:255.60	voltage:3.85
time:10860001	current:255.60	voltage:3.85
time:10890000	current:255.56	voltage:3.85
time:10920001	current:255.51	voltage:3.85
time:10950000	current:255.53	voltage:3.85
time:10980001	current:255.40	voltage:3.85
time:11010000	current:255.44	voltage:3.85
time:11040001	current:255.38	voltage:3.85
time:11070000	current:255.33	voltage:3.85
time:11100000	current:255.36	voltage:3.85
time:11130000	current:255.28	voltage:3.85
time:11160001	current:255.27	voltage:3.85
time:11190000	current:255.27	voltage:3.85
time:11220001	current:255.24	voltage:3.85
time:11250001	current:255.16	voltage:3.85
time:11280000	current:255.06	voltage:3.85
time:11310001	current:255.07	voltage:3.84
time:11340001	current:255.04	voltage:3.84
time:11370001	current:255.04	voltage:3.84
time:11400000	current:254.90	voltage:3.84
time:11430001	current:254.82	voltage:3.84
time:11460001	current:254.83	voltage:3.84
time:11490001	current:254.86	voltage:3.84
time:11520001	current:254.84	voltage:3.84
time:11550000	current:254.72	voltage:3.84
time:11580000	current:254.67	voltage:3.84
time:11610001	current:254.76	voltage:3.84
time:11640001	current:254.65	voltage:3.84
time:11670001	current:254.68	voltage:3.84
time:11700000	current:254.73	voltage:3.84
time:11730001	current:254.64	voltage:3.84
time:11760000	current:254.56	voltage:3.84
time:11790000	current:254.56	voltage:3.84
time:11820001	current:254.47	voltage:3.84
time:11850000	current:254.43	voltage:3.84
time:11880001	current:254.50	voltage:3.83
time:11910000	current:254.36	voltage:3.83
time:11940000	current:254.42	voltage:3.84
time:11970001	current:254.29	voltage:3.83
time:12000000	current:254.25	voltage:3.83
time:12030001	current:254.27	voltage:3.83
time:12060000	current:254.21	voltage:3.83
time:12090001	current:254.16	voltage:3.83
time:12120000	current:254.05	voltage:3.83
time:12150001	current:254.05	voltage:3.83
time:12180001	current:254.03	voltage:3.83
time:12210000	current:254.00	voltage:3.83
time:12240000	current:253.96	voltage:3.83
time:12270000	current:253.90	voltage:3.83
time:12300001	current:253.95	voltage:3.83
time:12330001	current:253.86	voltage:3.83
time:12360000	current:253.83	voltage:3.82
time:12390000	current:253.83	voltage:3.82
time:12420001	current:253.73	voltage:3.82
time:12450000	current:253.66	voltage:3.82
time:12480000	current:253.75	voltage:3.82
time:12510001	current:253.64	voltage:3.82
time:12540000	current:253.62	voltage:3.82
time:12570001	current:253.56	voltage:3.82
time:12600000	current:253.52	voltage:3.82
time:12630000	current:253.44	voltage:3.82
time:12660001	current:253.38	voltage:3.82
time:12690000	current:253.35	voltage:3.82
time:12720001	current:253.39	voltage:3.82
time:12750000	current:253.35	voltage:3.82
time:12780001	current:253.27	voltage:3.82
time:12810000	current:253.19	voltage:3.82
time:12840001	current:253.21	voltage:3.82
time:12870001	current:253.16	voltage:3.82
time:12900000	current:253.07	voltage:3.81
time:12930000	current:253.09	voltage:3.82
time:12960000	current:253.13	voltage:3.82
time:12990001	current:252.99	voltage:3.81
time:13020000	current:252.96	voltage:3.81
time:13050000	current:253.02	voltage:3.81
time:13080001	current:253.03	voltage:3.81
time:13110001	current:252.98	voltage:3.81
time:13140000	current:252.92	voltage:3.81
time:13170001	current:252.78	voltage:3.81
time:13200000	current:252.79	voltage:3.81
time:13230001	current:252.83	voltage:3.81
time:13260000	current:252.80	voltage:3.81
time:13290000	current:252.70	voltage:3.81
time:13320001	current:252.64	voltage:3.81
time:13350000	current:252.63	voltage:3.81
time:13380001	current:252.62	voltage:3.81
time:13410000	current:252.56	voltage:3.81
time:13440001	current:252.45	voltage:3.81
time:13470000	current:252.51	voltage:3.81
time:13500001	current:252.47	voltage:3.81
time:13530000	current:252.39	voltage:3.80
time:13560001	current:252.36	voltage:3.80
time:13590000	current:252.31	voltage:3.80
time:13620001	current:252.33	voltage:3.80
time:13650000	current:252.35	voltage:3.80
time:13680001	current:252.29	voltage:3.80
time:13710000	current:252.22	voltage:3.80
time:13740000	current:252.19	voltage:3.80
time:13770001	current:252.14	voltage:3.80
time:13800000	current:252.07	voltage:3.80
time:13830001	current:252.18	voltage:3.80
time:13860000	current:252.09	voltage:3.80
time:13890000	current:252.14	voltage:3.80
time:13920001	current:252.10	voltage:3.80
time:13950001	current:252.02	voltage:3.80
time:13980000	current:252.00	voltage:3.80
time:14010000	current:251.92	voltage:3.80
time:14040000	current:251.94	voltage:3.80
time:14070001	current:251.92	voltage:3.80
time:14100000	current:251.77	voltage:3.80
time:14130000	current:251.80	voltage:3.80
time:14160001	current:251.86	voltage:3.80
time:14190001	current:251.82	voltage:3.80
time:14220001	current:251.70	voltage:3.80
time:14250000	current:251.68	voltage:3.79
time:14280001	current:251.61	voltage:3.79
time:14310000	current:251.62	voltage:3.79
time:14340001	current:251.53	voltage:3.79
time:14370000	current:251.56	voltage:3.79
time:14400001	current:251.54	voltage:3.79
time:14430000	current:251.58	voltage:3.79
time:14460000	current:251.42	voltage:3.79
time:14490001	current:251.40	voltage:3.79
time:14520000	current:251.36	voltage:3.79
time:14550001	current:251.37	voltage:3.79
time:14580000	current:251.41	voltage:3.79
time:14610000	current:251.21	voltage:3.79
time:14640001	current:251.26	voltage:3.79
time:14670001	current:251.24	voltage:3.79
time:14700000	current:251.20	voltage:3.79
time:14730000	current:251.08	voltage:3.79
time:14760000	current:251.08	voltage:3.79
time:14790000	current:251.10	voltage:3.79
time:14820000	current:251.12	voltage:3.79
time:14850001	current:251.06	voltage:3.78
time:14880001	current:251.03	voltage:3.78
time:14910000	current:250.94	voltage:3.78
time:14940000	current:250.93	voltage:3.78
time:14970000	current:250.93	voltage:3.78
time:15000000	current:250.84	voltage:3.78
time:15030000	current:250.82	voltage:3.78
time:15060000	current:250.79	voltage:3.78
time:15090000	current:250.70	voltage:3.78
time:15120000	current:250.76	voltage:3.78
time:15150000	current:250.73	voltage:3.78
time:15180000	current:250.68	voltage:3.78
time:15210000	current:250.63	voltage:3.78
time:15240000	current:250.60	voltage:3.78
time:15270000	current:250.58	voltage:3.78
time:15300001	current:250.59	voltage:3.78
time:15330001	current:250.51	voltage:3.78
time:15360000	current:250.44	voltage:3.78
time:15390000	current:250.56	voltage:3.78
time:15420001	current:250.45	voltage:3.78
time:15450000	current:250.44	voltage:3.78
time:15480001	current:250.45	voltage:3.78
time:15510000	current:250.40	voltage:3.77
time:15540000	current:250.32	voltage:3.77
time:15570001	current:250.33	voltage:3.77
time:15600001	current:250.29	voltage:3.77
time:15630001	current:250.30	voltage:3.77
time:15660001	current:250.24	voltage:3.77
time:15690000	current:250.21	voltage:3.77
time:15720000	current:250.19	voltage:3.77
time:15750000	current:250.21	voltage:3.77
time:15780000	current:250.21	voltage:3.77
time:15810000	current:250.14	voltage:3.77
time:15840000	current:250.12	voltage:3.77
time:15870000	current:250.11	voltage:3.77
time:15900001	current:250.09	voltage:3.77
time:15930001	current:250.10	voltage:3.77
time:15960001	current:249.94	voltage:3.77
time:15990001	current:250.00	voltage:3.77
time:16020001	current:249.96	voltage:3.77
time:16050001	current:249.84	voltage:3.77
time:16080001	current:249.85	voltage:3.76
time:16110001	current:249.82	voltage:3.76
time:16140001	current:249.88	voltage:3.76
time:16170000	current:249.70	voltage:3.76
time:16200001	current:249.70	voltage:3.76
time:16230001	current:249.74	voltage:3.76
time:16260000	current:249.66	voltage:3.76
time:16290001	current:249.64	voltage:3.76
time:16320001	current:249.58	voltage:3.76
time:16350000	current:249.64	voltage:3.76
time:16380000	current:249.58	voltage:3.76
time:16410001	current:249.57	voltage:3.76
time:16440000	current:249.51	voltage:3.76
time:16470000	current:249.42	voltage:3.76
time:16500000	current:249.39	voltage:3.76
time:16530000	current:249.39	voltage:3.76
time:16560000	current:249.38	voltage:3.76
time:16590000	current:249.37	voltage:3.76
time:16620000	current:249.26	voltage:3.76
time:16650000	current:249.28	voltage:3.76
time:16680001	current:249.29	voltage:3.76
time:16710000	current:249.19	voltage:3.76
time:16740001	current:249.14	voltage:3.76
time:16770001	current:249.09	voltage:3.75
time:16800001	current:249.09	voltage:3.75
time:16830001	current:249.08	voltage:3.75
time:16860001	current:249.02	voltage:3.75
time:16890001	current:248.92	voltage:3.75
time:16920000	current:248.90	voltage:3.75
time:16950000	current:248.90	voltage:3.75
time:16980001	current:248.84	voltage:3.75
time:17010000	current:248.87	voltage:3.75
time:17040000	current:248.92	voltage:3.75
time:17070001	current:248.90	voltage:3.75
time:17100001	current:248.79	voltage:3.75
time:17130000	current:248.69	voltage:3.75
time:17160001	current:248.79	voltage:3.75
time:17190000	current:248.61	voltage:3.75
time:17220000	current:248.63	voltage:3.75
time:17250001	current:248.62	voltage:3.75
time:17280000	current:248.51	voltage:3.75
time:17310001	current:248.54	voltage:3.75
time:17340000	current:248.48	voltage:3.75
time:17370001	current:248.43	voltage:3.74
time:17400001	current:248.45	voltage:3.74
time:17430000	current:248.34	voltage:3.74
time:17460001	current:248.41	voltage:3.74
time:17490000	current:248.36	voltage:3.74
time:17520001	current:248.30	voltage:3.74
time:17550001	current:248.22	voltage:3.74
time:17580000	current:248.24	voltage:3.74
time:17610000	current:248.19	voltage:3.74
time:17640000	current:248.14	voltage:3.74
time:17670000	current:248.15	voltage:3.74
time:17700000	current:248.08	voltage:3.74
time:17730000	current:248.03	voltage:3.74
time:17760001	current:248.01	voltage:3.74
time:17790001	current:247.89	voltage:3.74
time:17820001	current:247.86	voltage:3.74
time:17850001	current:247.86	voltage:3.74
time:17880001	current:247.80	voltage:3.73
time:17910000	current:247.85	voltage:3.74
time:17940000	current:247.82	voltage:3.73
time:17970001	current:247.75	voltage:3.73
time:18000001	current:247.77	voltage:3.73
time:18030000	current:247.70	voltage:3.73
time:18060000	current:247.70	voltage:3.73
time:18090001	current:247.68	voltage:3.73
time:18120001	current:247.62	voltage:3.73
time:18150001	current:247.46	voltage:3.73
time:18180001	current:247.47	voltage:3.73
time:18210000	current:247.50	voltage:3.73
time:18240000	current:247.33	voltage:3.73
time:18270001	current:247.42	voltage:3.73
time:18300000	current:247.37	voltage:3.73
time:18330000	current:247.32	voltage:3.73
time:18360001	current:247.33	voltage:3.73
time:18390000	current:247.27	voltage:3.73
time:18420001	current:247.22	voltage:3.72
time:18450001	current:247.28	voltage:3.72
time:18480001	current:247.17	voltage:3.72
time:18510000	current:247.12	voltage:3.72
time:18540000	current:247.10	voltage:3.72
time:18570000	current:247.02	voltage:3.72
time:18600000	current:247.05	voltage:3.72
time:18630000	current:247.03	voltage:3.72
time:18660000	current:246.98	voltage:3.72
time:18690001	current:246.91	voltage:3.72
time:18720001	current:246.77	voltage:3.72
time:18750001	current:246.82	voltage:3.72
time:18780000	current:246.76	voltage:3.72
time:18810000	current:246.72	voltage:3.72
time:18840001	current:246.70	voltage:3.72
time:18870000	current:246.63	voltage:3.72
time:18900000	current:246.60	voltage:3.72
time:18930001	current:246.66	voltage:3.72
time:18960000	current:246.51	voltage:3.72
time:18990000	current:246.50	voltage:3.71
time:19020001	current:246.39	voltage:3.71
time:19050000	current:246.51	voltage:3.71
time:19080001	current:246.34	voltage:3.71
time:19110000	current:246.34	voltage:3.71
time:19140001	current:246.30	voltage:3.71
time:19170001	current:246.19	voltage:3.71
time:19200000	current:246.19	voltage:3.71
time:19230000	current:246.13	voltage:3.71
time:19260000	current:246.08	voltage:3.71
time:19290001	current:246.03	voltage:3.71
time:19320001	current:246.02	voltage:3.71
time:19350001	current:246.01	voltage:3.71
time:19380000	current:245.90	voltage:3.71
time:19410000	current:245.87	voltage:3.71
time:19440000	current:245.89	voltage:3.70
time:19470001	current:245.82	voltage:3.70
time:19500000	current:245.79	voltage:3.70
time:19530001	current:245.78	voltage:3.70
time:19560000	current:245.69	voltage:3.70
time:19590001	current:245.67	voltage:3.70
time:19620001	current:245.57	voltage:3.70
time:19650000	current:245.57	voltage:3.70
time:19680001	current:245.48	voltage:3.70
time:19710001	current:245.40	voltage:3.70
time:19740000	current:245.42	voltage:3.70
time:19770001	current:245.43	voltage:3.70
time:19800001	current:245.43	voltage:3.70
time:19830000	current:245.36	voltage:3.70
time:19860000	current:245.31	voltage:3.70
time:19890000	current:245.32	voltage:3.70
time:19920000	current:245.12	voltage:3.70
time:19950000	current:245.22	voltage:3.70
time:19980000	current:245.17	voltage:3.70
time:20010001	current:245.09	voltage:3.69
time:20040001	current:245.07	voltage:3.69
time:20070000	current:245.03	voltage:3.69
time:20100001	current:244.95	voltage:3.69
time:20130001	current:245.02	voltage:3.69
time:20160000	current:244.93	voltage:3.69
time:20190000	current:244.91	voltage:3.69
time:20220000	current:244.95	voltage:3.69
time:20250001	current:244.82	voltage:3.69
time:20280001	current:244.83	voltage:3.69
time:20310000	current:244.74	voltage:3.69
time:20340000	current:244.78	voltage:3.69
time:20370001	current:244.66	voltage:3.69
time:20400001	current:244.70	voltage:3.69
time:20430000	current:244.76	voltage:3.69
time:20460000	current:244.65	voltage:3.69
time:20490001	current:244.55	voltage:3.68
time:20520000	current:244.59	voltage:3.68
time:20550000	current:244.54	voltage:3.68
time:20580001	current:244.50	voltage:3.68
time:20610000	current:244.53	voltage:3.68
time:20640001	current:244.34	voltage:3.68
time:20670000	current:244.43	voltage:3.68
time:20700001	current:244.32	voltage:3.68
time:20730000	current:244.36	voltage:3.68
time:20760001	current:244.29	voltage:3.68
time:20790000	current:244.18	voltage:3.68
time:20820001	current:244.22	voltage:3.68
time:20850000	current:244.17	voltage:3.68
time:20880000	current:244.13	voltage:3.68
time:20910000	current:244.13	voltage:3.68
time:20940000	current:244.11	voltage:3.68
time:20970000	current:244.07	voltage:3.68
time:21000000	current:243.98	voltage:3.68
time:21030000	current:244.01	voltage:3.68
time:21060000	current:243.91	voltage:3.67
time:21090000	current:243.93	voltage:3.67
time:21120000	current:243.85	voltage:3.67
time:21150000	current:243.81	voltage:3.67
time:21180001	current:243.83	voltage:3.67
time:21210001	current:243.74	voltage:3.67
time:21240000	current:243.78	voltage:3.67
time:21270000	current:243.71	voltage:3.67
time:21300001	current:243.68	voltage:3.67
time:21330001	current:243.66	voltage:3.67
time:21360001	current:243.66	voltage:3.67
time:21390000	current:243.58	voltage:3.67
time:21420001	current:243.56	voltage:3.67
time:21450000	current:243.48	voltage:3.67
time:21480000	current:243.51	voltage:3.67
time:21510001	current:243.46	voltage:3.67
time:21540001	current:243.48	voltage:3.67
time:21570000	current:243.39	voltage:3.67
time:21600001	current:243.36	voltage:3.67
time:21630000	current:243.30	voltage:3.66
time:21660001	current:243.24	voltage:3.66
time:21690001	current:243.15	voltage:3.66
time:21720000	current:243.24	voltage:3.66
time:21750000	current:243.11	voltage:3.66
time:21780001	current:243.15	voltage:3.66
time:21810000	current:243.22	voltage:3.66
time:21840000	current:243.10	voltage:3.66
time:21870001	current:243.08	voltage:3.66
time:21900000	current:243.06	voltage:3.66
time:21930000	current:242.96	voltage:3.66
time:21960001	current:242.98	voltage:3.66
time:21990001	current:243.02	voltage:3.66
time:22020000	current:242.87	voltage:3.66
time:22050000	current:242.86	voltage:3.66
time:22080001	current:242.76	voltage:3.66
time:22110000	current:242.77	voltage:3.66
time:22140001	current:242.67	voltage:3.66
time:22170000	current:242.54	voltage:3.66
time:22200001	current:242.65	voltage:3.66
time:22230000	current:242.65	voltage:3.65
time:22260000	current:242.61	voltage:3.65
time:22290001	current:242.55	voltage:3.65
time:22320000	current:242.47	voltage:3.65
time:22350001	current:242.55	voltage:3.65
time:22380000	current:242.46	voltage:3.65
time:22410000	current:242.41	voltage:3.65
time:22440001	current:242.35	voltage:3.65
time:22470000	current:242.41	voltage:3.65
time:22500001	current:242.30	voltage:3.65
time:22530000	current:242.31	voltage:3.65
time:22560001	current:242.33	voltage:3.65
time:22590000	current:242.20	voltage:3.65
time:22620001	current:242.21	voltage:3.65
time:22650000	current:242.19	voltage:3.65
time:22680001	current:242.12	voltage:3.65
time:22710000	current:242.10	voltage:3.65
time:22740001	current:242.02	voltage:3.65
time:22770000	current:242.02	voltage:3.65
time:22800000	current:242.08	voltage:3.64
time:22830000	current:242.05	voltage:3.64
time:22860001	current:241.97	voltage:3.64
time:22890001	current:241.96	voltage:3.64
time:22920000	current:241.93	voltage:3.64
time:22950000	current:241.83	voltage:3.64
time:22980000	current:241.81	voltage:3.64
time:23010001	current:241.88	voltage:3.64
time:23040000	current:241.87	voltage:3.64
time:23070001	current:241.74	voltage:3.64
time:23100000	current:241.68	voltage:3.64
time:23130000	current:241.74	voltage:3.64
time:23160001	current:241.65	voltage:3.64
time:23190001	current:241.60	voltage:3.64
time:23220000	current:241.56	voltage:3.64
time:23250000	current:241.55	voltage:3.64
time:23280001	current:241.49	voltage:3.64
time:23310001	current:241.49	voltage:3.64
time:23340000	current:241.44	voltage:3.64
time:23370001	current:241.44	voltage:3.64
time:23400001	current:241.37	voltage:3.64
time:23430001	current:241.42	voltage:3.64
time:23460001	current:241.38	voltage:3.63
time:23490001	current:241.35	voltage:3.63
time:23520001	current:241.25	voltage:3.63
time:23550000	current:241.31	voltage:3.63
time:23580000	current:241.34	voltage:3.63
time:23610001	current:241.22	voltage:3.63
time:23640001	current:241.22	voltage:3.63
time:23670000	current:241.16	voltage:3.63
time:23700001	current:241.15	voltage:3.63
time:23730000	current:241.14	voltage:3.63
time:23760001	current:241.08	voltage:3.63
time:23790000	current:240.98	voltage:3.63
time:23820000	current:240.98	voltage:3.63
time:23850001	current:241.01	voltage:3.63
time:23880000	current:241.05	voltage:3.63
time:23910001	current:240.88	voltage:3.63
time:23940000	current:240.90	voltage:3.63
time:23970000	current:240.89	voltage:3.63
time:24000001	current:240.84	voltage:3.63
time:24030000	current:240.83	voltage:3.63
time:24060000	current:240.78	voltage:3.63
time:24090001	current:240.72	voltage:3.63
time:24120000	current:240.72	voltage:3.63
time:24150001	current:240.69	voltage:3.63
time:24180000	current:240.65	voltage:3.62
time:24210001	current:240.62	voltage:3.62
time:24240000	current:240.58	voltage:3.62
time:24270000	current:240.54	voltage:3.62
time:24300000	current:240.57	voltage:3.62
time:24330001	current:240.51	voltage:3.62
time:24360001	current:240.48	voltage:3.62
time:24390000	current:240.42	voltage:3.62
time:24420000	current:240.36	voltage:3.62
time:24450001	current:240.39	voltage:3.62
time:24480000	current:240.38	voltage:3.62
time:24510001	current:240.36	voltage:3.62
time:24540001	current:240.29	voltage:3.62
time:24570000	current:240.25	voltage:3.62
time:24600001	current:240.23	voltage:3.62
time:24630001	current:240.26	voltage:3.62
time:24660000	current:240.17	voltage:3.62
time:24690000	current:240.14	voltage:3.62
time:24720000	current:240.13	voltage:3.62
time:24750000	current:240.10	voltage:3.62
time:24780001	current:240.00	voltage:3.62
time:24810001	current:240.03	voltage:3.61
time:24840001	current:240.09	voltage:3.61
time:24870000	current:239.93	voltage:3.61
time:24900001	current:239.94	voltage:3.61
time:24930000	current:239.91	voltage:3.61
time:24960000	current:239.93	voltage:3.61
time:24990000	current:239.88	voltage:3.61
time:25020000	current:239.84	voltage:3.61
time:25050001	current:239.78	voltage:3.61
time:25080001	current:239.82	voltage:3.61
time:25110001	current:239.77	voltage:3.61
time:25140000	current:239.75	voltage:3.61
time:25170001	current:239.70	voltage:3.61
time:25200001	current:239.70	voltage:3.61
time:25230000	current:239.63	voltage:3.61
time:25260001	current:239.65	voltage:3.61
time:25290001	current:239.59	voltage:3.61
time:25320001	current:239.56	voltage:3.61
time:25350000	current:239.57	voltage:3.61
time:25380000	current:239.50	voltage:3.61
time:25410000	current:239.49	voltage:3.61
time:25440000	current:239.48	voltage:3.61
time:25470001	current:239.33	voltage:3.61
time:25500001	current:239.39	voltage:3.61
time:25530000	current:239.30	voltage:3.61
time:25560001	current:239.27	voltage:3.60
time:25590001	current:239.29	voltage:3.60
time:25620001	current:239.21	voltage:3.60
time:25650001	current:239.18	voltage:3.60
time:25680001	current:239.16	voltage:3.60
time:25710000	current:239.10	voltage:3.60
time:25740000	current:239.15	voltage:3.60
time:25770000	current:239.16	voltage:3.60
time:25800000	current:239.03	voltage:3.60
time:25830000	current:239.05	voltage:3.60
time:25860001	current:239.06	voltage:3.60
time:25890001	current:239.01	voltage:3.60
time:25920001	current:239.04	voltage:3.60
time:25950000	current:239.00	voltage:3.60
time:25980001	current:238.89	voltage:3.60
time:26010001	current:238.90	voltage:3.60
time:26040001	current:239.02	voltage:3.60
time:26070001	current:238.88	voltage:3.60
time:26100000	current:238.90	voltage:3.60
time:26130000	current:238.88	voltage:3.60
time:26160001	current:238.84	voltage:3.60
time:26190001	current:238.84	voltage:3.60
time:26220001	current:238.81	voltage:3.60
time:26250000	current:238.84	voltage:3.60
time:26280000	current:238.80	voltage:3.60
time:26310001	current:238.73	voltage:3.59
time:26340001	current:238.76	voltage:3.59
time:26370001	current:238.67	voltage:3.60
time:26400000	current:238.60	voltage:3.60
time:26430001	current:238.62	voltage:3.59
time:26460000	current:238.61	voltage:3.60
time:26490000	current:238.63	voltage:3.59
time:26520000	current:238.63	voltage:3.59
time:26550001	current:238.51	voltage:3.59
time:26580000	current:238.53	voltage:3.59
time:26610001	current:238.52	voltage:3.59
time:26640000	current:238.47	voltage:3.59
time:26670000	current:238.50	voltage:3.59
time:26700000	current:238.44	voltage:3.59
time:26730001	current:238.47	voltage:3.59
time:26760001	current:238.40	voltage:3.59
time:26790000	current:238.40	voltage:3.59
time:26820001	current:238.38	voltage:3.59
time:26850000	current:238.42	voltage:3.59
time:26880001	current:238.34	voltage:3.59
time:26910000	current:238.40	voltage:3.59
time:26940000	current:238.31	voltage:3.59
time:26970001	current:238.24	voltage:3.59
time:27000000	current:238.24	voltage:3.59
time:27030000	current:238.21	voltage:3.59
time:27060000	current:238.15	voltage:3.59
time:27090001	current:238.24	voltage:3.59
time:27120001	current:238.17	voltage:3.59
time:27150000	current:238.01	voltage:3.58
time:27180001	current:238.08	voltage:3.58
time:27210000	current:238.12	voltage:3.59
time:27240000	current:238.01	voltage:3.58
time:27270000	current:238.06	voltage:3.58
time:27300001	current:238.02	voltage:3.58
time:27330001	current:238.10	voltage:3.58
time:27360000	current:238.02	voltage:3.58
time:27390001	current:237.97	voltage:3.58
time:27420000	current:237.83	voltage:3.58
time:27450000	current:237.91	voltage:3.58
time:27480001	current:237.95	voltage:3.58
time:27510000	current:237.90	voltage:3.58
time:27540000	current:237.83	voltage:3.58
time:27570001	current:237.76	voltage:3.58
time:27600000	current:237.82	voltage:3.58
time:27630001	current:237.76	voltage:3.58
time:27660001	current:237.76	voltage:3.58
time:27690000	current:237.74	voltage:3.58
time:27720001	current:237.88	voltage:3.58
time:27750000	current:237.72	voltage:3.58
time:27780001	current:237.64	voltage:3.58
time:27810000	current:237.58	voltage:3.58
time:27840001	current:237.57	voltage:3.58
time:27870001	current:237.56	voltage:3.58
time:27900000	current:237.61	voltage:3.58
time:27930000	current:237.58	voltage:3.58
time:27960001	current:237.45	voltage:3.58
time:27990000	current:237.44	voltage:3.58
time:28020000	current:237.51	voltage:3.58
time:28050001	current:237.50	voltage:3.58
time:28080001	current:237.47	voltage:3.58
time:28110001	current:237.30	voltage:3.57
time:28140000	current:237.37	voltage:3.57
time:28170000	current:237.38	voltage:3.57
time:28200001	current:237.37	voltage:3.57
time:28230000	current:237.31	voltage:3.57
time:28260000	current:237.31	voltage:3.57
time:28290001	current:237.26	voltage:3.57
time:28320000	current:237.27	voltage:3.57
time:28350001	current:237.21	voltage:3.57
time:28380000	current:237.22	voltage:3.57
time:28410000	current:237.20	voltage:3.57
time:28440001	current:237.20	voltage:3.57
time:28470001	current:237.24	voltage:3.57
time:28500000	current:237.12	voltage:3.57
time:28530001	current:237.09	voltage:3.57
time:28560000	current:237.13	voltage:3.57
time:28590000	current:237.10	voltage:3.57
time:28620001	current:237.06	voltage:3.57
time:28650000	current:237.05	voltage:3.57
time:28680001	current:237.11	voltage:3.57
time:28710001	current:236.94	voltage:3.57
time:28740000	current:236.86	voltage:3.57
time:28770001	current:236.97	voltage:3.57
time:28800000	current:236.93	voltage:3.57
time:28830000	current:236.86	voltage:3.57
time:28860001	current:236.88	voltage:3.57
time:28890000	current:236.89	voltage:3.57
time:28920001	current:236.86	voltage:3.56
time:28950000	current:236.79	voltage:3.57
time:28980001	current:236.80	voltage:3.56
time:29010000	current:236.78	voltage:3.56
time:29040001	current:236.74	voltage:3.56
time:29070000	current:236.70	voltage:3.56
time:29100001	current:236.76	voltage:3.56
time:29130000	current:236.62	voltage:3.56
time:29160001	current:236.62	voltage:3.56
time:29190001	current:236.56	voltage:3.56
time:29220000	current:236.66	voltage:3.56
time:29250001	current:236.66	voltage:3.56
time:29280000	current:236.56	voltage:3.56
time:29310000	current:236.53	voltage:3.56
time:29340001	current:236.59	voltage:3.56
time:29370000	current:236.49	voltage:3.56
time:29400001	current:236.46	voltage:3.56
time:29430001	current:236.48	voltage:3.56
time:29460000	current:236.39	voltage:3.56
time:29490001	current:236.43	voltage:3.56
time:29520000	current:236.45	voltage:3.56
time:29550001	current:236.40	voltage:3.56
time:29580000	current:236.36	voltage:3.56
time:29610001	current:236.33	voltage:3.56
time:29640000	current:236.22	voltage:3.56
time:29670001	current:236.33	voltage:3.56
time:29700000	current:236.31	voltage:3.56
time:29730001	current:236.27	voltage:3.56
time:29760000	current:236.26	voltage:3.56
time:29790001	current:236.14	voltage:3.56
time:29820000	current:236.21	voltage:3.56
time:29850001	current:236.11	voltage:3.56
time:29880000	current:236.09	voltage:3.56
time:29910001	current:236.09	voltage:3.56
time:29940000	current:236.16	voltage:3.56
time:29970001	current:236.02	voltage:3.56
time:30000001	current:236.03	voltage:3.55
time:30030000	current:235.95	voltage:3.55
time:30060000	current:235.90	voltage:3.55
time:30090001	current:235.92	voltage:3.55
time:30120001	current:235.93	voltage:3.55
time:30150000	current:235.87	voltage:3.55
time:30180001	current:235.83	voltage:3.55
time:30210001	current:235.88	voltage:3.55
time:30240000	current:235.84	voltage:3.55
time:30270001	current:235.83	voltage:3.55
time:30300000	current:235.64	voltage:3.55
time:30330000	current:235.74	voltage:3.55
time:30360000	current:235.69	voltage:3.55
time:30390001	current:235.67	voltage:3.55
time:30420000	current:235.58	voltage:3.55
time:30450001	current:235.64	voltage:3.55
time:30480000	current:235.67	voltage:3.55
time:30510001	current:235.61	voltage:3.55
time:30540000	current:235.52	voltage:3.55
time:30570001	current:235.52	voltage:3.55
time:30600001	current:235.56	voltage:3.55
time:30630001	current:235.46	voltage:3.55
time:30660000	current:235.59	voltage:3.55
time:30690001	current:235.41	voltage:3.55
time:30720001	current:235.43	voltage:3.55
time:30750000	current:235.38	voltage:3.55
time:30780000	current:235.42	voltage:3.55
time:30810001	current:235.37	voltage:3.55
time:30840001	current:235.41	voltage:3.55
time:30870000	current:235.32	voltage:3.55
time:30900000	current:235.32	voltage:3.55
time:30930000	current:235.34	voltage:3.55
time:30960000	current:235.24	voltage:3.54
time:30990000	current:235.21	voltage:3.54
time:31020001	current:235.22	voltage:3.54
time:31050001	current:235.23	voltage:3.54
time:31080000	current:235.25	voltage:3.54
time:31110000	current:235.12	voltage:3.54
time:31140001	current:235.11	voltage:3.54
time:31170001	current:235.20	voltage:3.54
time:31200000	current:235.13	voltage:3.54
time:31230000	current:235.14	voltage:3.54
time:31260000	current:235.11	voltage:3.54
time:31290000	current:235.15	voltage:3.54
time:31320000	current:235.14	voltage:3.54
time:31350001	current:235.06	voltage:3.54
time:31380000	current:235.08	voltage:3.54
time:31410000	current:235.01	voltage:3.54
time:31440000	current:235.04	voltage:3.54
time:31470000	current:235.06	voltage:3.54
time:31500000	current:234.98	voltage:3.54
time:31530000	current:234.99	voltage:3.54
time:31560000	current:235.01	voltage:3.54
time:31590000	current:234.96	voltage:3.54
time:31620001	current:234.87	voltage:3.54
time:31650001	current:234.95	voltage:3.54
time:31680001	current:234.94	voltage:3.54
time:31710001	current:234.90	voltage:3.54
time:31740000	current:234.87	voltage:3.54
time:31770001	current:234.85	voltage:3.54
time:31800000	current:234.73	voltage:3.54
time:31830001	current:234.74	voltage:3.54
time:31860001	current:234.71	voltage:3.54
time:31890000	current:234.78	voltage:3.54
time:31920001	current:234.79	voltage:3.54
time:31950000	current:234.78	voltage:3.54
time:31980000	current:234.72	voltage:3.54
time:32010001	current:234.63	voltage:3.54
time:32040000	current:234.66	voltage:3.53
time:32070001	current:234.67	voltage:3.53
time:32100001	current:234.59	voltage:3.53
time:32130001	current:234.64	voltage:3.53
time:32160000	current:234.59	voltage:3.53
time:32190000	current:234.49	voltage:3.53
time:32220001	current:234.53	voltage:3.53
time:32250001	current:234.54	voltage:3.53
time:32280000	current:234.40	voltage:3.53
time:32310000	current:234.42	voltage:3.53
time:32340000	current:234.48	voltage:3.53
time:32370001	current:234.34	voltage:3.53
time:32400000	current:234.41	voltage:3.53
time:32430001	current:234.26	voltage:3.53
time:32460001	current:234.34	voltage:3.53
time:32490000	current:234.31	voltage:3.53
time:32520000	current:234.35	voltage:3.53
time:32550001	current:234.17	voltage:3.53
time:32580000	current:234.20	voltage:3.53
time:32610000	current:234.13	voltage:3.53
time:32640001	current:234.24	voltage:3.53
time:32670000	current:234.24	voltage:3.53
time:32700000	current:234.21	voltage:3.53
time:32730001	current:234.13	voltage:3.53
time:32760000	current:234.10	voltage:3.53
time:32790000	current:234.08	voltage:3.53
time:32820000	current:234.09	voltage:3.53
time:32850000	current:234.07	voltage:3.53
time:32880000	current:233.99	voltage:3.52
time:32910001	current:234.08	voltage:3.52
time:32940000	current:234.01	voltage:3.52
time:32970001	current:233.98	voltage:3.52
time:33000001	current:233.97	voltage:3.52
time:33030000	current:233.95	voltage:3.52
time:33060001	current:233.91	voltage:3.52
time:33090000	current:233.89	voltage:3.52
time:33120000	current:233.93	voltage:3.52
time:33150000	current:233.85	voltage:3.52
time:33180001	current:233.89	voltage:3.52
time:33210001	current:233.81	voltage:3.52
time:33240000	current:233.86	voltage:3.52
time:33270001	current:233.75	voltage:3.52
time:33300001	current:233.79	voltage:3.52
time:33330000	current:233.76	voltage:3.52
time:33360000	current:233.78	voltage:3.52
time:33390001	current:233.76	voltage:3.52
time:33420001	current:233.72	voltage:3.52
time:33450000	current:233.69	voltage:3.52
time:33480001	current:233.72	voltage:3.52
time:33510001	current:233.63	voltage:3.52
time:33540000	current:233.65	voltage:3.52
time:33570000	current:233.61	voltage:3.52
time:33600000	current:233.62	voltage:3.52
time:33630001	current:233.52	voltage:3.52
time:33660001	current:233.52	voltage:3.52
time:33690001	current:233.56	voltage:3.52
time:33720001	current:233.48	voltage:3.52
time:33750000	current:233.48	voltage:3.52
time:33780000	current:233.46	voltage:3.52
time:33810000	current:233.47	voltage:3.51
time:33840001	current:233.43	voltage:3.52
time:33870000	current:233.46	voltage:3.51
time:33900000	current:233.40	voltage:3.52
time:33930000	current:233.37	voltage:3.51
time:33960001	current:233.43	voltage:3.52
time:33990001	current:233.33	voltage:3.51
time:34020000	current:233.31	voltage:3.51
time:34050000	current:233.26	voltage:3.51
time:34080001	current:233.32	voltage:3.51
time:34110000	current:233.30	voltage:3.51
time:34140001	current:233.24	voltage:3.51
time:34170000	current:233.21	voltage:3.51
time:34200000	current:233.24	voltage:3.51
time:34230001	current:233.22	voltage:3.51
time:34260000	current:233.09	voltage:3.51
time:34290001	current:233.05	voltage:3.51
time:34320000	current:233.06	voltage:3.51
time:34350000	current:233.15	voltage:3.51
time:34380001	current:233.12	voltage:3.51
time:34410000	current:232.99	voltage:3.51
time:34440000	current:233.07	voltage:3.51
time:34470001	current:233.05	voltage:3.51
time:34500000	current:233.07	voltage:3.51
time:34530000	current:232.96	voltage:3.51
time:34560001	current:232.93	voltage:3.51
time:34590000	current:233.00	voltage:3.51
time:34620001	current:232.90	voltage:3.51
time:34650000	current:232.82	voltage:3.51
time:34680001	current:232.91	voltage:3.51
time:34710000	current:232.85	voltage:3.51
time:34740000	current:232.80	voltage:3.51
time:34770001	current:232.80	voltage:3.51
time:34800001	current:232.73	voltage:3.51
time:34830000	current:232.76	voltage:3.50
time:34860000	current:232.80	voltage:3.50
time:34890000	current:232.69	voltage:3.51
time:34920000	current:232.71	voltage:3.50
time:34950001	current:232.62	voltage:3.50
time:34980001	current:232.64	voltage:3.51
time:35010000	current:232.63	voltage:3.50
time:35040001	current:232.58	voltage:3.50
time:35070000	current:232.59	voltage:3.50
time:35100001	current:232.61	voltage:3.50
time:35130000	current:232.54	voltage:3.50
time:35160001	current:232.48	voltage:3.50
time:35190001	current:232.46	voltage:3.50
time:35220001	current:232.48	voltage:3.50
time:35250000	current:232.42	voltage:3.50
time:35280001	current:232.32	voltage:3.50
time:35310001	current:232.41	voltage:3.50
time:35340000	current:232.34	voltage:3.50
time:35370001	current:232.34	voltage:3.50
time:35400000	current:232.30	voltage:3.50
time:35430000	current:232.28	voltage:3.50
time:35460001	current:232.26	voltage:3.50
time:35490001	current:232.23	voltage:3.50
time:35520001	current:232.23	voltage:3.50
time:35550000	current:232.24	voltage:3.50
time:35580000	current:232.18	voltage:3.50
time:35610001	current:232.23	voltage:3.50
time:35640000	current:232.00	voltage:3.50
time:35670000	current:232.14	voltage:3.50
time:35700000	current:232.13	voltage:3.50
time:35730000	current:232.02	voltage:3.50
time:35760000	current:231.95	voltage:3.50
time:35790000	current:232.01	voltage:3.50
time:35820001	current:232.02	voltage:3.49
time:35850001	current:231.96	voltage:3.50
time:35880001	current:231.93	voltage:3.50
time:35910000	current:231.99	voltage:3.49
time:35940000	current:231.91	voltage:3.49
time:35970001	current:231.92	voltage:3.49
time:36000001	current:231.84	voltage:3.49
time:36030000	current:231.84	voltage:3.49
time:36060000	current:231.87	voltage:3.49
time:36090001	current:231.83	voltage:3.49
time:36120000	current:231.75	voltage:3.49
time:36150001	current:231.68	voltage:3.49
time:36180000	current:231.72	voltage:3.49
time:36210001	current:231.82	voltage:3.49
time:36240000	current:231.76	voltage:3.49
time:36270001	current:231.73	voltage:3.49
time:36300000	current:231.75	voltage:3.49
time:36330001	current:231.68	voltage:3.49
time:36360000	current:231.67	voltage:3.49
time:36390001	current:231.73	voltage:3.49
time:36420000	current:231.63	voltage:3.49
time:36450000	current:231.56	voltage:3.49
time:36480001	current:231.59	voltage:3.49
time:36510000	current:231.60	voltage:3.49
time:36540000	current:231.50	voltage:3.49
time:36570000	current:231.51	voltage:3.49
time:36600001	current:231.51	voltage:3.49
time:36630000	current:231.46	voltage:3.49
time:36660000	current:231.44	voltage:3.49
time:36690000	current:231.42	voltage:3.49
time:36720000	current:231.39	voltage:3.49
time:36750001	current:231.45	voltage:3.49
time:36780001	current:231.40	voltage:3.49
time:36810000	current:231.42	voltage:3.48
time:36840000	current:231.46	voltage:3.48
time:36870001	current:231.27	voltage:3.49
time:36900000	current:231.37	voltage:3.48
time:36930000	current:231.29	voltage:3.48
time:36960001	current:231.30	voltage:3.48
time:36990000	current:231.26	voltage:3.48
time:37020000	current:231.24	voltage:3.48
time:37050000	current:231.22	voltage:3.48
time:37080001	current:231.29	voltage:3.48
time:37110000	current:231.22	voltage:3.48
time:37140001	current:231.14	voltage:3.48
time:37170000	current:231.12	voltage:3.48
time:37200000	current:231.09	voltage:3.48
time:37230001	current:231.14	voltage:3.48
time:37260001	current:231.08	voltage:3.48
time:37290000	current:231.05	voltage:3.48
time:37320001	current:231.00	voltage:3.48
time:37350001	current:230.94	voltage:3.48
time:37380000	current:230.94	voltage:3.48
time:37410001	current:230.98	voltage:3.48
time:37440000	current:230.90	voltage:3.48
time:37470000	current:230.97	voltage:3.48
time:37500001	current:230.86	voltage:3.48
time:37530000	current:230.87	voltage:3.48
time:37560001	current:230.87	voltage:3.48
time:37590000	current:230.80	voltage:3.48
time:37620001	current:230.75	voltage:3.48
time:37650000	current:230.79	voltage:3.48
time:37680000	current:230.76	voltage:3.47
time:37710001	current:230.73	voltage:3.48
time:37740000	current:230.68	voltage:3.47
time:37770000	current:230.69	voltage:3.47
time:37800001	current:230.70	voltage:3.47
time:37830001	current:230.59	voltage:3.47
time:37860000	current:230.63	voltage:3.47
time:37890001	current:230.58	voltage:3.47
time:37920001	current:230.55	voltage:3.47
time:37950000	current:230.44	voltage:3.47
time:37980000	current:230.52	voltage:3.47
time:38010001	current:230.39	voltage:3.47
time:38040001	current:230.47	voltage:3.47
time:38070000	current:230.45	voltage:3.47
time:38100001	current:230.45	voltage:3.47
time:38130000	current:230.41	voltage:3.47
time:38160000	current:230.35	voltage:3.47
time:38190001	current:230.26	voltage:3.47
time:38220001	current:230.26	voltage:3.47
time:38250000	current:230.34	voltage:3.47
time:38280001	current:230.26	voltage:3.47
time:38310001	current:230.31	voltage:3.47
time:38340000	current:230.24	voltage:3.47
time:38370001	current:230.11	voltage:3.47
time:38400001	current:230.16	voltage:3.47
time:38430000	current:230.06	voltage:3.47
time:38460000	current:230.05	voltage:3.47
time:38490000	current:230.06	voltage:3.47
time:38520000	current:230.04	voltage:3.46
time:38550001	current:230.11	voltage:3.46
time:38580001	current:230.02	voltage:3.46
time:38610001	current:230.01	voltage:3.46
time:38640001	current:230.00	voltage:3.46
time:38670001	current:230.00	voltage:3.46
time:38700000	current:229.80	voltage:3.46
time:38730000	current:229.98	voltage:3.46
time:38760001	current:229.85	voltage:3.46
time:38790000	current:229.86	voltage:3.46
time:38820000	current:229.80	voltage:3.46
time:38850001	current:229.80	voltage:3.46
time:38880000	current:229.75	voltage:3.46
time:38910001	current:229.70	voltage:3.46
time:38940000	current:229.74	voltage:3.46
time:38970000	current:229.66	voltage:3.46
time:39000001	current:229.76	voltage:3.46
time:39030001	current:229.64	voltage:3.46
time:39060000	current:229.62	voltage:3.46
time:39090000	current:229.54	voltage:3.46
time:39120000	current:229.56	voltage:3.46
time:39150001	current:229.54	voltage:3.46
time:39180000	current:229.54	voltage:3.46
time:39210000	current:229.47	voltage:3.45
time:39240001	current:229.40	voltage:3.46
time:39270000	current:229.40	voltage:3.45
time:39300000	current:229.38	voltage:3.45
time:39330001	current:229.26	voltage:3.45
time:39360001	current:229.35	voltage:3.45
time:39390000	current:229.24	voltage:3.45
time:39420001	current:229.16	voltage:3.45
time:39450001	current:229.15	voltage:3.45
time:39480000	current:229.14	voltage:3.45
time:39510001	current:229.10	voltage:3.45
time:39540001	current:229.07	voltage:3.45
time:39570000	current:229.06	voltage:3.45
time:39600001	current:229.03	voltage:3.45
time:39630001	current:229.00	voltage:3.45
time:39660000	current:228.97	voltage:3.45
time:39690001	current:228.95	voltage:3.45
time:39720000	current:228.82	voltage:3.45
time:39750001	current:228.87	voltage:3.45
time:39780000	current:228.84	voltage:3.45
time:39810000	current:228.82	voltage:3.45
time:39840001	current:228.74	voltage:3.45
time:39870000	current:228.72	voltage:3.45
time:39900001	current:228.68	voltage:3.45
time:39930000	current:228.69	voltage:3.44
time:39960001	current:228.68	voltage:3.45
time:39990001	current:228.63	voltage:3.44
time:40020000	current:228.65	voltage:3.44
time:40050001	current:228.61	voltage:3.44
time:40080001	current:228.56	voltage:3.44
time:40110000	current:228.56	voltage:3.44
time:40140001	current:228.50	voltage:3.44
time:40170001	current:228.50	voltage:3.44
time:40200000	current:228.39	voltage:3.44
time:40230001	current:228.40	voltage:3.44
time:40260000	current:228.42	voltage:3.44
time:40290001	current:228.37	voltage:3.44
time:40320000	current:228.29	voltage:3.44
time:40350001	current:228.26	voltage:3.44
time:40380000	current:228.25	voltage:3.44
time:40410001	current:228.25	voltage:3.44
time:40440000	current:228.13	voltage:3.44
time:40470001	current:228.12	voltage:3.44
time:40500001	current:228.11	voltage:3.44
time:40530000	current:228.08	voltage:3.44
time:40560000	current:228.08	voltage:3.44
time:40590000	current:228.02	voltage:3.44
time:40620001	current:228.01	voltage:3.44
time:40650001	current:227.94	voltage:3.43
time:40680000	current:227.96	voltage:3.43
time:40710000	current:227.95	voltage:3.43
time:40740000	current:227.96	voltage:3.43
time:40770001	current:227.86	voltage:3.43
time:40800001	current:227.89	voltage:3.43
time:40830000	current:227.89	voltage:3.43
time:40860000	current:227.83	voltage:3.43
time:40890001	current:227.74	voltage:3.43
time:40920000	current:227.68	voltage:3.43
time:40950001	current:227.73	voltage:3.43
time:40980001	current:227.67	voltage:3.43
time:41010000	current:227.74	voltage:3.43
time:41040001	current:227.65	voltage:3.43
time:41070001	current:227.55	voltage:3.43
time:41100000	current:227.52	voltage:3.43
time:41130001	current:227.55	voltage:3.43
time:41160000	current:227.44	voltage:3.43
time:41190001	current:227.42	voltage:3.42
time:41220000	current:227.40	voltage:3.43
time:41250001	current:227.37	voltage:3.42
time:41280000	current:227.46	voltage:3.42
time:41310001	current:227.34	voltage:3.42
time:41340001	current:227.25	voltage:3.42
time:41370000	current:227.30	voltage:3.42
time:41400000	current:227.26	voltage:3.42
time:41430001	current:227.15	voltage:3.42
time:41460000	current:227.12	voltage:3.42
time:41490001	current:227.14	voltage:3.42
time:41520000	current:227.14	voltage:3.42
time:41550000	current:227.05	voltage:3.42
time:41580001	current:227.09	voltage:3.42
time:41610000	current:226.96	voltage:3.42
time:41640000	current:226.94	voltage:3.42
time:41670001	current:226.92	voltage:3.42
time:41700001	current:226.84	voltage:3.42
time:41730000	current:226.90	voltage:3.42
time:41760001	current:226.81	voltage:3.42
time:41790000	current:226.80	voltage:3.42
time:41820001	current:226.82	voltage:3.42
time:41850000	current:226.66	voltage:3.42
time:41880000	current:226.60	voltage:3.42
time:41910001	current:226.69	voltage:3.41
time:41940000	current:226.59	voltage:3.41
time:41970001	current:226.54	voltage:3.41
time:42000001	current:226.51	voltage:3.41
time:42030000	current:226.53	voltage:3.41
time:42060001	current:226.46	voltage:3.41
time:42090001	current:226.54	voltage:3.41
time:42120000	current:226.44	voltage:3.41
time:42150000	current:226.36	voltage:3.41
time:42180001	current:226.33	voltage:3.41
time:42210001	current:226.43	voltage:3.41
time:42240001	current:226.25	voltage:3.41
time:42270000	current:226.26	voltage:3.41
time:42300000	current:226.20	voltage:3.41
time:42330001	current:226.23	voltage:3.41
time:42360000	current:226.10	voltage:3.41
time:42390000	current:226.14	voltage:3.41
time:42420001	current:226.05	voltage:3.41
time:42450000	current:226.06	voltage:3.40
time:42480000	current:226.04	voltage:3.40
time:42510001	current:225.96	voltage:3.40
time:42540000	current:225.87	voltage:3.40
time:42570000	current:225.82	voltage:3.40
time:42600001	current:225.86	voltage:3.40
time:42630000	current:225.75	voltage:3.40
time:42660000	current:225.74	voltage:3.40
time:42690001	current:225.80	voltage:3.40
time:42720000	current:225.64	voltage:3.40
time:42750000	current:225.65	voltage:3.40
time:42780001	current:225.70	voltage:3.40
time:42810001	current:225.49	voltage:3.40
time:42840000	current:225.53	voltage:3.40
time:42870001	current:225.47	voltage:3.40
time:42900000	current:225.47	voltage:3.40
time:42930000	current:225.44	voltage:3.39
time:42960001	current:225.45	voltage:3.39
time:42990000	current:225.31	voltage:3.39
time:43020001	current:225.30	voltage:3.39
time:43050000	current:225.25	voltage:3.39
time:43080000	current:225.29	voltage:3.39
time:43110001	current:225.21	voltage:3.39
time:43140000	current:225.11	voltage:3.39
time:43170001	current:225.12	voltage:3.39
time:43200001	current:225.12	voltage:3.39
time:43230001	current:225.03	voltage:3.39
time:43260000	current:224.95	voltage:3.39
time:43290000	current:224.95	voltage:3.39
time:43320000	current:224.87	voltage:3.39
time:43350001	current:224.95	voltage:3.39
time:43380001	current:224.81	voltage:3.39
time:43410000	current:224.80	voltage:3.39
time:43440000	current:224.71	voltage:3.39
time:43470000	current:224.69	voltage:3.38
time:43500001	current:224.71	voltage:3.38
time:43530000	current:224.68	voltage:3.38
time:43560000	current:224.58	voltage:3.38
time:43590000	current:224.56	voltage:3.38
time:43620001	current:224.43	voltage:3.38
time:43650000	current:224.46	voltage:3.38
time:43680000	current:224.34	voltage:3.38
time:43710001	current:224.40	voltage:3.38
time:43740000	current:224.31	voltage:3.38
time:43770001	current:224.30	voltage:3.38
time:43800000	current:224.16	voltage:3.38
time:43830000	current:224.18	voltage:3.38
time:43860001	current:224.09	voltage:3.38
time:43890001	current:224.15	voltage:3.38
time:43920001	current:224.03	voltage:3.38
time:43950000	current:223.97	voltage:3.37
time:43980000	current:223.87	voltage:3.37
time:44010001	current:223.86	voltage:3.37
time:44040001	current:223.86	voltage:3.37
time:44070000	current:223.81	voltage:3.37
time:44100001	current:223.76	voltage:3.37
time:44130000	current:223.67	voltage:3.37
time:44160001	current:223.72	voltage:3.37
time:44190001	current:223.64	voltage:3.37
time:44220000	current:223.65	voltage:3.37
time:44250001	current:223.47	voltage:3.37
time:44280000	current:223.43	voltage:3.37
time:44310001	current:223.42	voltage:3.37
time:44340001	current:223.32	voltage:3.37
time:44370000	current:223.33	voltage:3.36
time:44400001	current:223.28	voltage:3.36
time:44430001	current:223.19	voltage:3.36
time:44460001	current:223.13	voltage:3.36
time:44490000	current:223.06	voltage:3.36
time:44520000	current:223.02	voltage:3.36
time:44550001	current:222.94	voltage:3.36
time:44580001	current:222.93	voltage:3.36
time:44610001	current:222.93	voltage:3.36
time:44640001	current:222.86	voltage:3.36
time:44670001	current:222.84	voltage:3.36
time:44700001	current:222.77	voltage:3.36
time:44730001	current:222.74	voltage:3.36
time:44760001	current:222.62	voltage:3.35
time:44790000	current:222.52	voltage:3.35
time:44820000	current:222.51	voltage:3.35
time:44850000	current:222.45	voltage:3.35
time:44880001	current:222.45	voltage:3.35
time:44910000	current:222.33	voltage:3.35
time:44940001	current:222.37	voltage:3.35
time:44970001	current:222.23	voltage:3.35
time:45000000	current:222.22	voltage:3.35
time:45030000	current:222.21	voltage:3.35
time:45060000	current:222.01	voltage:3.35
time:45090001	current:222.00	voltage:3.35
time:45120001	current:221.99	voltage:3.35
time:45150000	current:222.11	voltage:3.35
time:45180000	current:221.93	voltage:3.35
time:45210001	current:221.93	voltage:3.34
time:45240001	current:221.87	voltage:3.34
time:45270000	current:221.87	voltage:3.34
time:45300000	current:221.78	voltage:3.34
time:45330000	current:221.76	voltage:3.34
time:45360001	current:221.81	voltage:3.34
time:45390001	current:221.74	voltage:3.34
time:45420000	current:221.59	voltage:3.34
time:45450000	current:221.60	voltage:3.34
time:45480001	current:221.56	voltage:3.34
time:45510001	current:221.47	voltage:3.34
time:45540000	current:221.50	voltage:3.34
time:45570000	current:221.46	voltage:3.34
time:45600001	current:221.35	voltage:3.33
time:45630001	current:221.29	voltage:3.33
time:45660000	current:221.24	voltage:3.33
time:45690000	current:221.17	voltage:3.33
time:45720001	current:221.22	voltage:3.33
time:45750001	current:221.15	voltage:3.33
time:45780000	current:221.12	voltage:3.33
time:45810000	current:221.09	voltage:3.33
time:45840001	current:221.00	voltage:3.33
time:45870001	current:220.96	voltage:3.33
time:45900000	current:220.93	voltage:3.33
time:45930000	current:220.73	voltage:3.33
time:45960001	current:220.87	voltage:3.33
time:45990000	current:220.75	voltage:3.33
time:46020001	current:220.67	voltage:3.32
time:46050001	current:220.60	voltage:3.32
time:46080000	current:220.60	voltage:3.32
time:46110000	current:220.51	voltage:3.32
time:46140001	current:220.44	voltage:3.32
time:46170000	current:220.42	voltage:3.32
time:46200001	current:220.40	voltage:3.32
time:46230000	current:220.34	voltage:3.32
time:46260001	current:220.35	voltage:3.32
time:46290001	current:220.21	voltage:3.32
time:46320000	current:220.21	voltage:3.32
time:46350001	current:220.17	voltage:3.31
time:46380001	current:220.05	voltage:3.31
time:46410001	current:220.05	voltage:3.31
time:46440001	current:219.99	voltage:3.31
time:46470001	current:219.90	voltage:3.31
time:46500001	current:219.85	voltage:3.31
time:46530001	current:219.83	voltage:3.31
time:46560001	current:219.86	voltage:3.31
time:46590000	current:219.86	voltage:3.31
time:46620000	current:219.66	voltage:3.31
time:46650001	current:219.69	voltage:3.31
time:46680000	current:219.63	voltage:3.31
time:46710000	current:219.68	voltage:3.31
time:46740001	current:219.58	voltage:3.31
time:46770000	current:219.48	voltage:3.31
time:46800001	current:219.49	voltage:3.30
time:46830000	current:219.41	voltage:3.30
time:46860000	current:219.46	voltage:3.30
time:46890001	current:219.37	voltage:3.30
time:46920000	current:219.26	voltage:3.30
time:46950001	current:219.33	voltage:3.30
time:46980001	current:219.29	voltage:3.30
time:47010000	current:219.24	voltage:3.30
time:47040001	current:219.25	voltage:3.30
time:47070000	current:219.16	voltage:3.30
time:47100000	current:219.13	voltage:3.30
time:47130000	current:219.10	voltage:3.30
time:47160000	current:219.01	voltage:3.30
time:47190000	current:219.02	voltage:3.30
time:47220001	current:219.02	voltage:3.30
time:47250001	current:218.96	voltage:3.30
time:47280000	current:219.00	voltage:3.30
time:47310001	current:218.86	voltage:3.29
time:47340001	current:218.89	voltage:3.30
time:47370000	current:218.82	voltage:3.29
time:47400000	current:218.79	voltage:3.29
time:47430001	current:218.71	voltage:3.29
time:47460000	current:218.72	voltage:3.29
time:47490000	current:218.81	voltage:3.29
time:47520001	current:218.58	voltage:3.29
time:47550000	current:218.70	voltage:3.29
time:47580001	current:218.62	voltage:3.29
time:47610001	current:218.70	voltage:3.29
time:47640000	current:218.51	voltage:3.29
time:47670001	current:218.57	voltage:3.29
time:47700000	current:218.47	voltage:3.29
time:47730001	current:218.38	voltage:3.29
time:47760001	current:218.49	voltage:3.29
time:47790001	current:218.37	voltage:3.29
time:47820000	current:218.33	voltage:3.29
time:47850001	current:218.45	voltage:3.29
time:47880000	current:218.30	voltage:3.29
time:47910001	current:218.37	voltage:3.29
time:47940000	current:218.32	voltage:3.29
time:47970001	current:218.24	voltage:3.29
time:48000000	current:218.18	voltage:3.29
time:48030000	current:218.20	voltage:3.29
time:48060001	current:218.22	voltage:3.28
time:48090000	current:218.07	voltage:3.28
time:48120000	current:218.14	voltage:3.28
time:48150000	current:218.16	voltage:3.28
time:48180001	current:218.09	voltage:3.28
time:48210001	current:218.04	voltage:3.28
time:48240001	current:217.97	voltage:3.28
time:48270000	current:218.04	voltage:3.28
time:48300000	current:217.88	voltage:3.28
time:48330000	current:217.90	voltage:3.28
time:48360000	current:217.93	voltage:3.28
time:48390000	current:217.77	voltage:3.28
time:48420000	current:217.75	voltage:3.28
time:48450000	current:217.86	voltage:3.28
time:48480001	current:217.71	voltage:3.28
time:48510000	current:217.72	voltage:3.28
time:48540000	current:217.63	voltage:3.28
time:48570000	current:217.61	voltage:3.28
time:48600000	current:217.62	voltage:3.27
time:48630000	current:217.58	voltage:3.28
time:48660000	current:217.54	voltage:3.27
time:48690001	current:217.51	voltage:3.27
time:48720001	current:217.37	voltage:3.27
time:48750000	current:217.44	voltage:3.27
time:48780001	current:217.42	voltage:3.27
time:48810001	current:217.36	voltage:3.27
time:48840001	current:217.38	voltage:3.27
time:48870000	current:217.16	voltage:3.27
time:48900000	current:217.16	voltage:3.27
time:48930001	current:217.13	voltage:3.27
time:48960000	current:217.13	voltage:3.27
time:48990001	current:217.07	voltage:3.27
time:49020000	current:217.10	voltage:3.27
time:49050001	current:217.02	voltage:3.27
time:49080000	current:216.96	voltage:3.27
time:49110001	current:217.00	voltage:3.27
time:49140000	current:216.98	voltage:3.27
time:49170001	current:216.83	voltage:3.27
time:49200001	current:216.81	voltage:3.27
time:49230000	current:216.80	voltage:3.27
time:49260001	current:216.80	voltage:3.27
time:49290000	current:216.65	voltage:3.26
time:49320001	current:216.70	voltage:3.26
time:49350000	current:216.65	voltage:3.26
time:49380001	current:216.62	voltage:3.26
time:49410000	current:216.62	voltage:3.26
time:49440001	current:216.50	voltage:3.26
time:49470001	current:216.45	voltage:3.26
time:49500000	current:216.55	voltage:3.26
time:49530000	current:216.46	voltage:3.26
time:49560001	current:216.41	voltage:3.26
time:49590001	current:216.36	voltage:3.26
time:49620000	current:216.31	voltage:3.26
time:49650001	current:216.24	voltage:3.26
time:49680001	current:216.18	voltage:3.26
time:49710000	current:216.17	voltage:3.26
time:49740000	current:216.13	voltage:3.26
time:49770001	current:216.12	voltage:3.26
time:49800001	current:216.10	voltage:3.25
time:49830001	current:216.05	voltage:3.25
time:49860000	current:215.92	voltage:3.25
time:49890001	current:215.97	voltage:3.25
time:49920001	current:215.94	voltage:3.25
time:49950001	current:215.80	voltage:3.25
time:49980001	current:215.81	voltage:3.25
time:50010001	current:215.74	voltage:3.25
time:50040001	current:215.74	voltage:3.25
time:50070000	current:215.68	voltage:3.25
time:50100001	current:215.62	voltage:3.25
time:50130001	current:215.59	voltage:3.25
time:50160000	current:215.47	voltage:3.25
time:50190001	current:215.59	voltage:3.25
time:50220000	current:215.36	voltage:3.25
time:50250000	current:215.45	voltage:3.25
time:50280001	current:215.44	voltage:3.24
time:50310000	current:215.30	voltage:3.24
time:50340001	current:215.30	voltage:3.24
time:50370000	current:215.40	voltage:3.24
time:50400001	current:215.24	voltage:3.24
time:50430000	current:215.22	voltage:3.24
time:50460000	current:215.21	voltage:3.24
time:50490001	current:215.11	voltage:3.24
time:50520001	current:215.06	voltage:3.24
time:50550001	current:215.04	voltage:3.24
time:50580001	current:215.01	voltage:3.24
time:50610001	current:215.00	voltage:3.24
time:50640001	current:214.90	voltage:3.24
time:50670000	current:214.87	voltage:3.24
time:50700001	current:214.88	voltage:3.24
time:50730000	current:214.83	voltage:3.23
time:50760000	current:214.78	voltage:3.23
time:50790001	current:214.70	voltage:3.23
time:50820000	current:214.56	voltage:3.23
time:50850001	current:214.59	voltage:3.23
time:50880000	current:214.62	voltage:3.23
time:50910001	current:214.48	voltage:3.23
time:50940000	current:214.43	voltage:3.23
time:50970001	current:214.36	voltage:3.23
time:51000000	current:214.38	voltage:3.23
time:51030000	current:214.34	voltage:3.23
time:51060001	current:214.32	voltage:3.23
time:51090000	current:214.15	voltage:3.23
time:51120001	current:214.19	voltage:3.23
time:51150000	current:214.07	voltage:3.22
time:51180000	current:213.95	voltage:3.22
time:51210000	current:213.89	voltage:3.22
time:51240001	current:213.95	voltage:3.22
time:51270001	current:213.76	voltage:3.22
time:51300000	current:213.74	voltage:3.22
time:51330000	current:213.60	voltage:3.22
time:51360000	current:213.58	voltage:3.22
time:51390001	current:213.50	voltage:3.22
time:51420000	current:213.40	voltage:3.21
time:51450000	current:213.35	voltage:3.21
time:51480001	current:213.26	voltage:3.21
time:51510000	current:213.16	voltage:3.21
time:51540001	current:213.09	voltage:3.21
time:51570000	current:213.06	voltage:3.21
time:51600001	current:212.91	voltage:3.21
time:51630000	current:212.82	voltage:3.21
time:51660000	current:212.70	voltage:3.20
time:51690000	current:212.67	voltage:3.20
time:51720000	current:212.53	voltage:3.20
time:51750000	current:212.44	voltage:3.20
time:51780001	current:212.18	voltage:3.20
time:51810001	current:212.06	voltage:3.19
time:51840000	current:211.97	voltage:3.19
time:51870001	current:211.88	voltage:3.19
time:51900001	current:211.80	voltage:3.19
time:51930000	current:211.60	voltage:3.18
time:51960000	current:211.41	voltage:3.18
time:51990001	current:211.32	voltage:3.18
time:52020001	current:211.11	voltage:3.18
time:52050001	current:210.97	voltage:3.18
time:52080000	current:210.72	voltage:3.17
time:52110001	current:210.61	voltage:3.17
time:52140001	current:210.41	voltage:3.17
time:52170001	current:210.21	voltage:3.17
time:52200000	current:210.11	voltage:3.16
time:52230000	current:209.97	voltage:3.16
time:52260001	current:209.72	voltage:3.16
time:52290001	current:209.53	voltage:3.15
time:52320001	current:209.27	voltage:3.15
time:52350001	current:209.07	voltage:3.15
time:52380000	current:208.88	voltage:3.15
time:52410001	current:208.66	voltage:3.14
time:52440001	current:208.42	voltage:3.14
time:52470001	current:208.34	voltage:3.14
time:52500000	current:208.11	voltage:3.13
time:52530001	current:207.92	voltage:3.13
time:52560000	current:207.57	voltage:3.13
time:52590001	current:207.36	voltage:3.12
time:52620000	current:207.12	voltage:3.12
time:52650001	current:206.91	voltage:3.12
time:52680000	current:206.71	voltage:3.11
time:52710000	current:206.45	voltage:3.11
time:52740000	current:206.31	voltage:3.11
time:52770000	current:206.03	voltage:3.10
time:52800001	current:205.87	voltage:3.10
time:52830000	current:205.50	voltage:3.09
time:52860001	current:205.24	voltage:3.09
time:52890001	current:205.06	voltage:3.09
time:52920001	current:204.70	voltage:3.08
time:52950000	current:204.56	voltage:3.08
time:52980000	current:204.23	voltage:3.08
time:53010000	current:203.96	voltage:3.07
time:53040001	current:203.61	voltage:3.07
time:53070001	current:203.37	voltage:3.06
time:53100001	current:203.04	voltage:3.06
time:53130001	current:202.83	voltage:3.05
time:53160001	current:202.48	voltage:3.05
time:53190001	current:202.24	voltage:3.04
time:53220000	current:201.79	voltage:3.04
time:53250000	current:201.57	voltage:3.04
time:53280000	current:201.29	voltage:3.03
time:53310000	current:200.92	voltage:3.03
time:53340000	current:200.62	voltage:3.02
time:53370001	current:200.24	voltage:3.02
time:53400000	current:199.96	voltage:3.01
time:53430000	current:199.57	voltage:3.01
time:53460001	current:199.25	voltage:3.00
time:53490001	current:198.91	voltage:3.00
time:53520001	current:198.43	voltage:2.99
time:53550001	current:198.11	voltage:2.98
time:53580001	current:197.72	voltage:2.98
time:53610000	current:197.36	voltage:2.97
time:53640000	current:196.94	voltage:2.97
time:53670001	current:196.59	voltage:2.96
time:53700000	current:196.04	voltage:2.96
time:53730000	current:195.68	voltage:2.95
time:53760000	current:195.23	voltage:2.94
time:53790001	current:194.80	voltage:2.94
time:53820000	current:194.35	voltage:2.93
time:53850000	current:193.86	voltage:2.92
time:53880000	current:193.44	voltage:2.91
time:53910001	current:193.03	voltage:2.91
time:53940000	current:192.40	voltage:2.90
time:53970000	current:191.94	voltage:2.89
time:54000001	current:191.34	voltage:2.88
time:54030000	current:190.78	voltage:2.87
time:54060000	current:190.23	voltage:2.87
time:54090001	current:189.76	voltage:2.86
time:54120001	current:189.10	voltage:2.85
time:54150000	current:188.52	voltage:2.84
time:54180000	current:187.79	voltage:2.83
time:54210001	current:187.07	voltage:2.82
time:54240000	current:186.40	voltage:2.81
time:54270001	current:185.70	voltage:2.80
time:54300000	current:184.77	voltage:2.78
time:54330001	current:183.96	voltage:2.77
time:54360000	current:183.01	voltage:2.76
time:54390001	current:182.06	voltage:2.75
time:54420000	current:181.05	voltage:2.73
time:54450001	current:179.73	voltage:2.71
time:54480000	current:178.05	voltage:2.68
time:54510000	current:176.08	voltage:2.65
time:54540000	current:173.23	voltage:2.61
time:54570000	current:169.42	voltage:2.55
time:54600001	current:165.35	voltage:2.49
time:54630001	current:161.46	voltage:2.43
time:54660000	current:157.95	voltage:2.38
time:54690001	current:154.65	voltage:2.33
time:54720001	current:151.91	voltage:2.29
time:54750001	current:149.30	voltage:2.25
time:54780000	current:146.94	voltage:2.22
time:54810000	current:144.78	voltage:2.18
time:54840001	current:142.68	voltage:2.15
time:54870001	current:140.84	voltage:2.12
time:54900001	current:138.88	voltage:2.09
time:54930000	current:136.92	voltage:2.07
time:54960000	current:135.22	voltage:2.04
time:54990001	current:133.53	voltage:2.01
time:55020000	current:131.94	voltage:1.99
time:55050000	current:130.39	voltage:1.97
time:55080000	current:129.09	voltage:1.95
time:55110000	current:127.64	voltage:1.93
time:55140001	current:126.31	voltage:1.91
time:55170000	current:125.07	voltage:1.89
time:55200001	current:123.90	voltage:1.87
time:55230000	current:122.70	voltage:1.85
time:55260000	current:121.72	voltage:1.84
time:55290001	current:120.56	voltage:1.82
time:55320001	current:119.55	voltage:1.80
time:55350000	current:118.58	voltage:1.79
time:55380001	current:117.68	voltage:1.77
time:55410000	current:116.62	voltage:1.76
time:55440000	current:115.72	voltage:1.75
time:55470000	current:114.81	voltage:1.73
time:55500000	current:113.90	voltage:1.72
time:55530001	current:112.91	voltage:1.71
time:55560001	current:112.09	voltage:1.69
time:55590000	current:111.14	voltage:1.68
time:55620000	current:110.28	voltage:1.66
time:55650000	current:109.32	voltage:1.65
time:55680001	current:108.46	voltage:1.64
time:55710000	current:107.48	voltage:1.62
time:55740001	current:106.58	voltage:1.61
time:55770000	current:105.66	voltage:1.60
time:55800000	current:104.80	voltage:1.58
time:55830001	current:103.99	voltage:1.57
time:55860000	current:102.90	voltage:1.56
time:55890000	current:102.10	voltage:1.54
time:55920000	current:101.12	voltage:1.53
time:55950001	current:100.28	voltage:1.52
time:55980001	current:99.32	voltage:1.50
time:56010001	current:98.44	voltage:1.49
time:56040001	current:97.58	voltage:1.47
time:56070000	current:96.61	voltage:1.46
time:56100000	current:95.75	voltage:1.45
time:56130001	current:94.90	voltage:1.43
time:56160000	current:94.02	voltage:1.42
time:56190001	current:93.20	voltage:1.41
time:56220000	current:92.33	voltage:1.40
time:56250000	current:91.50	voltage:1.38
time:56280000	current:90.67	voltage:1.37
time:56310000	current:89.74	voltage:1.36
time:56340001	current:88.99	voltage:1.35
time:56370001	current:88.16	voltage:1.33
time:56400001	current:87.41	voltage:1.32
time:56430000	current:86.74	voltage:1.31
time:56460001	current:85.86	voltage:1.30
time:56490000	current:85.22	voltage:1.29
time:56520001	current:84.43	voltage:1.28
time:56550001	current:83.74	voltage:1.27
time:56580001	current:83.09	voltage:1.26
time:56610001	current:82.43	voltage:1.25
time:56640000	current:81.78	voltage:1.24
time:56670001	current:81.03	voltage:1.23
time:56700001	current:80.46	voltage:1.22
time:56730001	current:79.75	voltage:1.21
time:56760000	current:79.20	voltage:1.20
time:56790001	current:78.58	voltage:1.19
time:56820000	current:78.16	voltage:1.18
time:56850001	current:77.47	voltage:1.17
time:56880001	current:76.89	voltage:1.16
time:56910000	current:76.34	voltage:1.16
time:56940001	current:75.76	voltage:1.15
time:56970001	current:75.21	voltage:1.14
time:57000001	current:74.72	voltage:1.13
time:57030000	current:74.32	voltage:1.13
time:57060001	current:73.77	voltage:1.12
time:57090000	current:73.27	voltage:1.11
time:57120000	current:72.88	voltage:1.10
time:57150000	current:72.33	voltage:1.10
time:57180000	current:71.84	voltage:1.09
time:57210000	current:71.36	voltage:1.08
time:57240000	current:70.96	voltage:1.08
time:57270000	current:70.34	voltage:1.07
time:57300000	current:70.05	voltage:1.06
time:57330000	current:69.55	voltage:1.05
time:57360000	current:69.14	voltage:1.05
time:57390000	current:68.67	voltage:1.04
time:57420000	current:68.28	voltage:1.04
time:57450001	current:67.88	voltage:1.03
time:57480001	current:67.56	voltage:1.02
time:57510001	current:67.01	voltage:1.02
time:57540001	current:66.61	voltage:1.01
time:57570001	current:66.23	voltage:1.00
time:57600001	current:65.77	voltage:1.00
time:57630000	current:65.42	voltage:0.99
time:57660001	current:64.92	voltage:0.99
time:57690000	current:64.64	voltage:0.98
time:57720000	current:64.14	voltage:0.98
time:57750000	current:63.82	voltage:0.97
time:57780001	current:63.45	voltage:0.96
time:57810000	current:63.07	voltage:0.96
time:57840001	current:62.64	voltage:0.95
time:57870001	current:62.29	voltage:0.95
time:57900001	current:61.95	voltage:0.94
time:57930001	current:61.52	voltage:0.93
time:57960000	current:61.19	voltage:0.93
time:57990000	current:60.83	voltage:0.92
time:58020000	current:60.49	voltage:0.92
time:58050001	current:60.14	voltage:0.91
time:58080001	current:59.81	voltage:0.91
time:58110000	current:59.47	voltage:0.90
time:58140000	current:59.04	voltage:0.90
time:58170000	current:58.74	voltage:0.89
time:58200001	current:58.31	voltage:0.89
time:58230000	current:58.00	voltage:0.88
time:58260000	current:57.68	voltage:0.88
time:58290001	current:57.38	voltage:0.87
time:58320000	current:56.90	voltage:0.87
time:58350000	current:56.55	voltage:0.86
time:58380001	current:56.32	voltage:0.86
time:58410001	current:55.87	voltage:0.85
